{"count":1,"self":88.7308736,"total":89.6026485,"children":{"InitializeActuators":{"count":1,"self":0.00098789999999999989,"total":0.00098789999999999989,"children":null},"InitializeSensors":{"count":1,"self":0.0010098,"total":0.0010098,"children":null},"AgentSendState":{"count":4232,"self":0.010563,"total":0.0320134,"children":{"CollectObservations":{"count":847,"self":0.014157699999999999,"total":0.014157699999999999,"children":null},"WriteActionMask":{"count":847,"self":0.0020855,"total":0.0020855,"children":null},"RequestDecision":{"count":847,"self":0.0052071999999999995,"total":0.0052071999999999995,"children":null}}},"DecideAction":{"count":4232,"self":0.80848599999999993,"total":0.80848599999999993,"children":null},"AgentAct":{"count":4232,"self":0.029275299999999997,"total":0.029275299999999997,"children":null}},"gauges":{"My Behavior.CumulativeReward":{"count":23,"max":0.95,"min":-0.55,"runningAverage":-0.315217376,"value":-0.5,"weightedAverage":-0.372263879}},"metadata":{"timer_format_version":"0.1.0","start_time_seconds":"1695126251","unity_version":"2021.3.23f1c1","command_line_arguments":"D:\\unity\\2021.3.23f1c1\\Editor\\Unity.exe -projectpath E:\\Projects\\Unityproject\\HaiyanURP -useHub -hubIPC -cloudEnvironment production -licensingIpc LicenseClient-helly -hubSessionId 2e993980-56bf-11ee-b0d5-85dfc243f4be -accessToken rQwkAlpfDtzB-4tZpA-xPSx6TxnVA27PKQ00atZCu3s01ef","communication_protocol_version":"1.5.0","com.unity.ml-agents_version":"2.0.1","scene_name":"Train","end_time_seconds":"1695126341"}}