{"count":1,"self":475.524864,"total":906.4239371,"children":{"InitializeActuators":{"count":9,"self":0.0010002,"total":0.0010002,"children":null},"InitializeSensors":{"count":9,"self":0.0010003,"total":0.0010003,"children":null},"AgentSendState":{"count":167367,"self":0.3919722,"total":1.9471994,"children":{"CollectObservations":{"count":301266,"self":0.3674793,"total":0.3674793,"children":null},"WriteActionMask":{"count":301266,"self":0.054207099999999994,"total":0.054207099999999994,"children":null},"RequestDecision":{"count":301266,"self":0.3049716,"total":1.1335408,"children":{"AgentInfo.ToProto":{"count":301266,"self":0.27817559999999997,"total":0.8285692,"children":{"GenerateSensorData":{"count":301266,"self":0.55039359999999993,"total":0.55039359999999993,"children":null}}}}}}},"DecideAction":{"count":167367,"self":316.9449216,"total":316.94491059999996,"children":null},"AgentAct":{"count":167367,"self":111.99939839999999,"total":112.004948,"children":{"AgentInfo.ToProto":{"count":858,"self":0.0015026999999999998,"total":0.0055486,"children":{"GenerateSensorData":{"count":858,"self":0.0040459,"total":0.0040459,"children":null}}}}}},"gauges":{"My Behavior.CumulativeReward":{"count":858,"max":2,"min":-57.5000343,"runningAverage":-0.767249167,"value":-0.5,"weightedAverage":0.167252868}},"metadata":{"timer_format_version":"0.1.0","start_time_seconds":"1695648474","unity_version":"2021.3.23f1c1","command_line_arguments":"D:\\unity\\2021.3.23f1c1\\Editor\\Unity.exe -projectpath E:\\Projects\\Unityproject\\HaiyanURP -useHub -hubIPC -cloudEnvironment production -licensingIpc LicenseClient-helly -hubSessionId d264fa90-5b92-11ee-8a3d-018dc866ed33 -accessToken zA32pQxNY8zktTZh32xpEC80CrF0i-1TyvZA8ydB4gI01ef","communication_protocol_version":"1.5.0","com.unity.ml-agents_version":"2.0.1","scene_name":"Ultimate","end_time_seconds":"1695649380"}}